id;m_type;m_description;m_date;m_link;m_not_active
1;PIC;Rand Loti synergies Music;2020-11-07;silver portal;true
2;PIC;backing up process improvement Ethiopia;2020-11-07;Mobility Awesome;true
3;VIDEO;instruction set brand applications;2020-11-07;1080p RSS interface;true
4;VIDEO;Enterprise-wide Synergized;2020-11-07;Global;false
5;VIDEO;Jewelery;2020-11-07;array disintermediate wireless;true
6;PIC;Venezuela Grocery SMS;2020-11-07;directional Parks;true
7;VIDEO;payment;2020-11-07;Personal Loan Account invoice transitional;false
8;PIC;Sharable;2020-11-07;Solutions Somoni;true
9;VIDEO;Moroccan Dirham National Phased;2020-11-07;hard drive Quality-focused exuding;false
10;VIDEO;Lempira Rustic indigo;2020-11-07;Buckinghamshire invoice well-modulated;false
